"SERVICES","EFFECTIF","CROISSANCE","EFFECTIF CIBLE","% POSTES / EFF. CIBLE","NB POSTES CIBLE	","NB POSTES PROG"
&nbsp; Services,,,,"100 %",,"3 p."
&nbsp;&nbsp;&nbsp;&nbsp;&nbsp;&nbsp;&nbsp; DIGL,"37","6","43","100 %","43 p.","40 p."
&nbsp;&nbsp;&nbsp;&nbsp;&nbsp;&nbsp;&nbsp;&nbsp;&nbsp;&nbsp;&nbsp;&nbsp;&nbsp;&nbsp; Air Liquide AssT,"30","2","32","100 %","32 p.","32 p."
&nbsp;&nbsp;&nbsp;&nbsp;&nbsp;&nbsp;&nbsp; Cluster BOS,"3","3","6","100 %","6 p.","3 p."
&nbsp;&nbsp;&nbsp;&nbsp;&nbsp;&nbsp;&nbsp;&nbsp;&nbsp;&nbsp;&nbsp;&nbsp;&nbsp;&nbsp; Cluster Lab,"2","1","3","100 %","3 p.",
&nbsp;&nbsp;&nbsp;&nbsp;&nbsp;&nbsp;&nbsp; COOD,"7",,"7","100 %","7 p.","7 p."
&nbsp;&nbsp;&nbsp;&nbsp;&nbsp;&nbsp;&nbsp; Cluster LI Mainte,"2","2","4","100 %","4 p.","4 p."
&nbsp;&nbsp;&nbsp;&nbsp;&nbsp;&nbsp;&nbsp; ALCO2,,,,"100 %",,
&nbsp;&nbsp;&nbsp;&nbsp;&nbsp;&nbsp;&nbsp;&nbsp;&nbsp;&nbsp;&nbsp;&nbsp;&nbsp;&nbsp; Logistique transport,"9",,"9","100 %","9 p.","9 p."
&nbsp;&nbsp;&nbsp;&nbsp;&nbsp;&nbsp;&nbsp;&nbsp;&nbsp;&nbsp;&nbsp;&nbsp;&nbsp;&nbsp; Eqho,"7","8","15","100 %","15 p.","15 p."
&nbsp;&nbsp;&nbsp;&nbsp;&nbsp;&nbsp;&nbsp; Cluster LI COOD,"2","4","6","100 %","6 p.","6 p."
&nbsp;&nbsp;&nbsp;&nbsp;&nbsp;&nbsp;&nbsp; El Chalon,"2","6","8","100 %","8 p.","8 p."
&nbsp;&nbsp;&nbsp;&nbsp;&nbsp;&nbsp;&nbsp; Relation Client,,,,"100 %",,
&nbsp;&nbsp;&nbsp;&nbsp;&nbsp;&nbsp;&nbsp;&nbsp;&nbsp;&nbsp;&nbsp;&nbsp;&nbsp;&nbsp; Recouvrement,"10",,"10","100 %","10 p.","10 p."
&nbsp;&nbsp;&nbsp;&nbsp;&nbsp;&nbsp;&nbsp;&nbsp;&nbsp;&nbsp;&nbsp;&nbsp;&nbsp;&nbsp; Accueil Client,"24","4","28","100 %","28 p.","28 p."
&nbsp;&nbsp;&nbsp;&nbsp;&nbsp;&nbsp;&nbsp;&nbsp;&nbsp;&nbsp;&nbsp;&nbsp;&nbsp;&nbsp; Pole facturation,"16","3","19","100 %","19 p.","19 p."
&nbsp;&nbsp;&nbsp;&nbsp;&nbsp;&nbsp;&nbsp;&nbsp;&nbsp;&nbsp;&nbsp;&nbsp;&nbsp;&nbsp; Michel Dormoy,"3",,"3","100 %","3 p.","3 p."
&nbsp;&nbsp;&nbsp;&nbsp;&nbsp;&nbsp;&nbsp; Dilos,,,,"100 %",,
&nbsp;&nbsp;&nbsp;&nbsp;&nbsp;&nbsp;&nbsp;&nbsp;&nbsp;&nbsp;&nbsp;&nbsp;&nbsp;&nbsp; MÃ©thodes,"6","1","7","100 %","7 p.","7 p."
&nbsp;&nbsp;&nbsp;&nbsp;&nbsp;&nbsp;&nbsp;&nbsp;&nbsp;&nbsp;&nbsp;&nbsp;&nbsp;&nbsp; PMS,"14","1","15","100 %","15 p.","15 p."
&nbsp;&nbsp;&nbsp;&nbsp;&nbsp;&nbsp;&nbsp;&nbsp;&nbsp;&nbsp;&nbsp;&nbsp;&nbsp;&nbsp; IngÃ©nierie Zone,"6",,"6","100 %","6 p.","6 p."
&nbsp;&nbsp;&nbsp;&nbsp;&nbsp;&nbsp;&nbsp;&nbsp;&nbsp;&nbsp;&nbsp;&nbsp;&nbsp;&nbsp; Etudes & Chiffrages,"3",,"3","100 %","3 p.","3 p."
&nbsp;&nbsp;&nbsp;&nbsp;&nbsp;&nbsp;&nbsp;&nbsp;&nbsp;&nbsp;&nbsp;&nbsp;&nbsp;&nbsp; IngÃ©nierie Poject,"4","1","5","100 %","5 p.","5 p."
&nbsp;&nbsp;&nbsp;&nbsp;&nbsp;&nbsp;&nbsp;&nbsp;&nbsp;&nbsp;&nbsp;&nbsp;&nbsp;&nbsp; Autres,"2",,"2","100 %","2 p.","2 p."
&nbsp;&nbsp;&nbsp;&nbsp;&nbsp;&nbsp;&nbsp;&nbsp;&nbsp;&nbsp;&nbsp;&nbsp;&nbsp;&nbsp; Dir. Combustible,,"3","3","100 %","3 p.","3 p."
&nbsp;&nbsp;&nbsp;&nbsp;&nbsp;&nbsp;&nbsp; Ventes ALFI IM,"22","-1","21","100 %","21 p.","21 p."
&nbsp;&nbsp;&nbsp;&nbsp;&nbsp;&nbsp;&nbsp; Cluster Shared team,"7","1","8","100 %","8 p.","8 p."
&nbsp;&nbsp;&nbsp;&nbsp;&nbsp;&nbsp;&nbsp; SiÃ¨ge,"1","1","2","100 %","2 p.","2 p."
&nbsp;&nbsp;&nbsp;&nbsp;&nbsp;&nbsp;&nbsp; DEAR,"78","13","91","100 %","91 p.","91 p."
&nbsp;&nbsp;&nbsp;&nbsp;&nbsp;&nbsp;&nbsp; DEC,"4",,"4","100 %","4 p.","4 p."
&nbsp;&nbsp;&nbsp;&nbsp;&nbsp;&nbsp;&nbsp; Dir Produits,"2",,"2","100 %","2 p.","2 p."
&nbsp;&nbsp;&nbsp;&nbsp;&nbsp;&nbsp;&nbsp; Azote services,"2",,"2","100 %","2 p.","2 p."
&nbsp;&nbsp;&nbsp;&nbsp;&nbsp;&nbsp;&nbsp; Electron Libre,"6","1","7","100 %","7 p.","7 p."
